MSA,talent_score,connect_score,cost_score,quality_score,finalscore
"Jersey City Hoboken, NJ",95,89.34570923,5,74.09967389,83.92753857
"New York City, NY",89.34570923,95,11.68248775,95,95
"Washington, DC",86.49251193,80.65402939,14.69596688,82.98877777,82.82644141
"Boston Cambridge Newton, MA NH",84.51860609,84.51860609,7.453367601,81.72971007,78.29524803
"Los Angeles Long Beach Anaheim, CA",82.98877777,82.98877777,22.86708186,75.07419674,84.64267377
"Chicago Naperville Elgin, IL IN WI",81.72971007,81.72971007,21.32697156,74.57423532,81.83980654
"Dallas Fort Worth Arlington, TX",80.65402939,78.10730921,32.64947641,69.98147726,85.21262999
"Newark, NJ",79.71126516,86.49251193,15.18458888,62.65386065,74.89688443
"Denver Aurora Lakewood, CO",78.8695222,75.07419674,28.03793172,70.29614639,79.21738428
"Bridgeport Stamford Norwalk, CT",78.10730921,68.2557432,23.1786413,84.51860609,76.35027433
"Albany Schenectady Troy, NY",77.40942998,62.65386065,26.55454742,67.99101369,69.33760071
"Seattle Tacoma Bellevue, WA",76.76472767,72.40503479,24.340711,78.8695222,76.6598667
"Philadelphia Camden Wilmington, PA NJ DE MD",76.16475999,74.57423532,26.29789324,78.10730921,78.56367962
"Baltimore Columbia Towson, MD",75.60297835,70.29614639,29.56156838,77.40942998,77.73471535
"Houston The Woodlands Sugar Land, TX",75.07419674,76.16475999,27.55084377,67.47799316,75.94652319
"Austin Round Rock, TX",74.57423532,68.52637184,24.03728201,67.73186216,68.93528071
"Atlanta Sandy Springs Roswell, GA",74.09967389,79.71126516,37.4075107,62.47541802,82.33156672
"Providence Warwick, RI MA",73.64767682,65.82829368,25.46691579,64.15747986,66.51940803
"Minneapolis St. Paul Bloomington, MN WI",73.21586592,71.65425251,28.68833355,70.62001971,73.95735401
"Madison, WI",72.80222618,63.38777207,29.00437556,71.29824497,69.41134716
"Columbus, OH",72.40503479,66.51019048,33.69064163,65.39189113,72.10447048
"Raleigh, NC",72.02280673,70.95379289,41.8131853,63.5766427,79.30978984
"Kansas City, MO KS",71.65425251,67.22913423,45.94235957,67.22913423,81.00789258
"Nashville Davidson  Murfreesboro  Franklin, TN",71.29824497,67.47799316,41.09048211,60.15071446,75.16761676
"Detroit Warren Dearborn, MI",70.95379289,73.21586592,40.51121293,66.51019048,79.98058831
"Indianapolis Carmel Anderson, IN",70.62001971,66.98503352,44.54771183,63.96140892,78.09028219
"San Jose Sunnyvale Santa Clara, CA",70.29614639,69.67538842,22.88408223,71.65425251,67.21693731
"San Diego Carlsbad, CA",69.98147726,71.29824497,16.55996455,68.80324953,62.62668988
"Cleveland Elyria, OH",69.67538842,70.62001971,37.22430816,63.20113363,74.24745822
"Cincinnati, OH KY IN",69.37731812,67.73186216,45.27452109,65.17868779,78.57933923
"Phoenix Mesa Scottsdale, AZ",69.08675864,73.64767682,30.68334772,60.94744745,70.32641822
"Orlando Kissimmee Sanford, FL",68.80324953,72.80222618,23.56764915,61.77988529,65.06894597
"Pittsburgh, PA",68.52637184,69.98147726,31.06225496,68.52637184,70.70448714
"St. Louis, MO",68.2557432,69.08675864,45.3411865,70.95379289,80.60485026
"Charlotte Concord Gastonia, NC SC",67.99101369,75.60297835,43.00990554,68.2557432,81.62053699
"Miami Fort Lauderdale West Palm Beach, FL",67.73186216,78.8695222,26.01746622,89.34570923,78.89556131
"Trenton, NJ",67.47799316,66.05178973,17.46590849,86.49251193,64.59292188
"Allentown Bethlehem Easton, PA NJ",67.22913423,64.15747986,19.83421925,76.76472767,61.63641735
"Milwaukee Waukesha West Allis, WI",66.98503352,67.99101369,34.2627978,72.40503479,72.03111994
"Richmond, VA",66.74545777,65.39189113,36.9082529,63.38777207,69.11178131
"Des Moines West Des Moines, IA",66.51019048,61.77988529,35.47927678,66.05178973,66.82603688
"Manchester Nashua, NH",66.27903032,63.5766427,17.24873198,72.02280673,57.26592298
"San Francisco Oakland Hayward, CA",66.05178973,77.40942998,21.89819031,80.65402939,71.12518076
"Sacramento  Roseville  Arden Arcade, CA",65.82829368,66.74545777,29.0216248,69.37731812,65.91043168
"Hartford West Hartford East Hartford, CT",65.60837854,65.60837854,28.95752771,72.80222618,66.23930073
"Knoxville, TN",65.39189113,61.95114822,45.81777004,59.99521777,71.15826345
"Tulsa, OK",65.17868779,63.01665045,53.12465358,65.82829368,78.61145635
"Buffalo Cheektowaga Niagara Falls, NY",64.96863364,64.96863364,30.41399079,66.27903032,64.20265787
"Birmingham Hoover, AL",64.76160184,62.83424934,50.49589173,61.11090934,74.81135984
"Omaha Council Bluffs, NE IA",64.55747295,64.76160184,37.71047942,64.96863364,68.34542886
"Ithaca, NY",64.35613439,46.27351507,41.94804939,40.3418001,52.14808596
"Oklahoma City, OK",64.15747986,64.35613439,51.81496232,62.83424934,76.7569458
"Arlington Alexandria, VA",63.96140892,72.02280673,36.17448358,64.76160184,70.95478531
"Virginia Beach Norfolk Newport News, VA",63.76782654,68.80324953,39.49828699,76.16475999,75.15994995
"Memphis, TN MS AR",63.5766427,69.37731812,48.73324963,57.10022967,75.15304544
"Greensboro High Point, NC",63.38777207,63.20113363,59.11462646,58.35741778,79.03366315
"Louisville/Jefferson County, KY IN",63.20113363,65.17868779,50.46361264,62.2988582,75.46442988
"Greenville Anderson Mauldin, SC",63.01665045,63.76782654,51.99872343,69.67538842,78.10644011
"Springfield, MA",62.83424934,61.27583869,19.69321915,73.64767682,55.82618808
"Las Vegas Henderson Paradise, NV",62.65386065,76.76472767,25.95655286,64.55747295,65.70523825
"Worcester, MA",62.47541802,63.96140892,19.70801318,79.71126516,59.19487691
"Anchorage, AK",62.2988582,62.12412082,22.55066084,73.21586592,57.7500198
"Boulder, CO",62.12412082,51.9624647,32.37973277,53.03141196,51.65928293
"Harrisburg Carlisle, PA",61.95114822,62.47541802,32.81724825,69.08675864,63.32176999
"Grand Rapids Wyoming, MI",61.77988529,66.27903032,42.71495719,58.2144191,68.42360268
"Ann Arbor, MI",61.61027934,58.50131523,49.01137953,52.91142941,66.36773742
"Pittsfield, MA",61.44227991,60.78541036,30.94143009,66.98503352,60.00905349
"North Port Sarasota Bradenton, FL",61.27583869,64.55747295,37.92027001,66.74545777,66.73585277
"Wilmington, NC",61.11090934,61.11090934,57.17326814,61.27583869,75.95553981
"Ames, IA",60.94744745,35.40707373,51.00942092,32.56582394,47.16202449
"Durham Chapel Hill, NC",60.78541036,59.53580708,73.32397004,34.35049146,76.67359245
"Port St. Lucie, FL",60.62475713,62.2988582,32.23976367,58.50131523,58.29942149
"Fort Lauderdale, FL",60.4654484,74.09967389,39.28609871,56.42786872,69.02586373
"Corvallis, OR",60.30744631,42.02953191,50.41105607,45.71016259,54.58401929
"Fresno, CA",60.15071446,61.61027934,33.33476714,51.72796032,56.0155284
"Atlantic City Hammonton, NJ",59.99521777,61.44227991,19.7220795,75.60297835,54.66779162
"Lawrence, KS",59.84092249,30.5778827,52.23166669,40.46467612,47.18994183
"Iowa City, IA",59.68779605,25.8193374,52.68336317,27.36067572,40.20128678
"Hickory Lenoir Morganton, NC",59.53580708,60.94744745,62.90275921,42.73463215,72.3634217
"State College, PA",59.38492528,40.46467612,44.49323374,42.147707,47.79592833
"Columbia, MO",59.23512141,48.4100272,66.16719295,39.46977687,66.12866276
"Fort Collins, CO",59.08636725,31.87029121,43.69599627,48.97438554,44.48283234
"Champaign Urbana, IL",58.9386355,48.29736235,45.24474751,49.20071832,54.88038601
"Charlottesville, VA",58.79189979,49.42745752,49.8853905,45.82295583,57.44278868
"Burlington South Burlington, VT",58.64613459,50.3394318,29.61352066,50.9144937,45.74003596
"Gainesville, FL",58.50131523,52.67242117,52.70365396,9.827103144,48.71209543
"Huntsville, AL",58.35741778,54.37500214,67.54569213,39.34337537,69.82745126
"Athens Clarke County, GA",58.2144191,40.70925505,55.55869883,15.47618703,45.5821668
"New Haven Milford, CT",58.07229675,59.84092249,40.95615598,56.56100268,60.45061379
"Rochester, NY",57.93102899,57.10022967,42.53889753,42.50062215,55.06655497
"College Station Bryan, TX",57.7905947,48.52275341,47.17571506,22.69145672,46.47948995
"Lincoln, NE",57.65097344,54.49955556,45.1467634,53.15172477,58.81849993
"Colorado Springs, CO",57.51214532,56.0322322,43.57095979,49.54099423,57.28468075
"Bloomington, IL",57.37409106,47.17285462,39.18791881,54.37500214,50.79662301
"Santa Cruz Watsonville, CA",57.23679192,57.93102899,37.67619064,61.61027934,58.27417624
"Auburn Opelika, AL",57.10022967,37.5164637,72.93746927,31.1445756,60.24361008
"Salt Lake City, UT",56.96438662,60.62475713,59.57121533,59.53580708,73.88763081
"Lansing East Lansing, MI",56.82924553,51.03006426,59.61208099,45.03167505,63.39535273
"Lexington Fayette, KY",56.69478966,56.56100268,68.37142583,46.6109477,72.98606553
"Morgantown, WV",56.56100268,45.25820518,66.06854698,31.69184859,59.77646696
"Lafayette West Lafayette, IN",56.42786872,35.25934198,73.39025082,38.83274533,61.43603123
"Fairbanks, AK",56.29537231,46.04834689,42.02886619,59.23512141,53.02284048
"Manhattan, KS",56.16349836,34.03826292,60.32126029,36.97161817,50.98507996
"Provo Orem, UT",56.0322322,50.45409383,57.4532263,46.49850532,61.54717266
"Fargo, ND MN",55.90155948,48.63554664,43.50439251,53.63645419,53.32264662
"Oxnard Thousand Oaks Ventura, CA",55.77146623,55.5129639,40.02247156,63.01665045,57.97947622
"Palm Bay Melbourne Titusville, FL",55.64193881,47.39757859,22.74872462,27.11657501,29.17641803
"New Orleans Metairie, LA",55.5129639,60.30744631,56.95403234,50.56892457,67.85807978
"Tallahassee, FL",55.38452851,51.26181677,54.54468633,36.41468025,56.12725952
"Portland Vancouver Hillsboro, OR WA",55.25661993,60.15071446,44.64440365,64.35613439,63.88944615
"Tampa St. Petersburg Clearwater, FL",55.12922576,60.4654484,49.42485892,59.68779605,65.65469833
"Blacksburg Christiansburg Radford, VA",55.00233386,16.93627926,67.16720058,24.96839111,41.02174628
"Logan, UT ID",54.87593237,15.47618703,61.74912684,27.83551876,37.37818398
"Rochester, MN",54.75000968,42.61774891,42.4342228,50.45409383,47.28539595
"Grand Forks, ND MN",54.62455445,33.06987055,71.69241766,38.31347704,57.61623838
"Bloomington, IN",54.49955556,33.23479989,74.60280859,24.36423197,54.84523553
"Kalamazoo Portage, MI",54.37500214,38.31347704,64.38741179,25.8193374,51.16576074
"Dayton, OH",54.25088352,58.07229675,54.33827306,48.74841259,63.30967827
"Columbia, SC",54.12718926,52.91142941,65.62492289,31.87029121,62.23129186
"Missoula, MT",54.00390913,47.28521383,50.16420071,44.12077711,52.55602783
"Akron, OH",53.88103311,50.9144937,53.18034229,50.1105885,58.65130025
"Santa Fe, NM",53.75855134,38.44414976,69.27855958,52.43463358,63.26472966
"Syracuse, NY",53.63645419,57.7905947,44.95425232,56.82924553,59.07445671
"Albuquerque, NM",53.51473217,59.38492528,69.44708608,43.8916154,72.22639749
"Boise City, ID",53.39337598,52.31617732,55.97525623,38.44414976,57.03874657
"Riverside San Bernardino Ontario, CA",53.27237651,58.35741778,40.62022779,43.54659125,51.64250554
"Barnstable Town, MA",53.15172477,36.13129013,32.54294638,56.16349836,37.68332997
"Jackson, MS",53.03141196,56.69478966,76.99842837,30.76906653,71.03981589
"Santa Maria Santa Barbara, CA",52.91142941,58.79189979,39.03594668,62.12412082,56.9123385
"Bismarck, ND",52.7917686,25.5424597,60.83185232,50.22493213,48.71843173
"Waco, TX",52.67242117,39.84615367,46.89914761,38.57424301,43.27622494
"Reno, NV",52.55337887,54.00390913,51.5409613,47.62234689,57.53200641
"Jacksonville, FL",52.43463358,59.08636725,51.61365573,47.73476153,60.43551334
"Baton Rouge, LA",52.31617732,51.72796032,59.53045392,32.04685103,56.21066389
"San Antonio New Braunfels, TX",52.19800224,59.99521777,36.06801899,52.31617732,51.72665437
"Little Rock North Little Rock Conway, AR",52.08010057,56.16349836,69.16762353,44.69105895,69.49156904
"Lubbock, TX",51.9624647,51.84508709,46.44790772,35.84439401,48.38697369
"Norwich New London, CT",51.84508709,55.25661993,36.90544728,54.62455445,50.14676565
"Tucson, AZ",51.72796032,56.96438662,67.15919177,42.96769684,67.74431975
"Olympia Tumwater, WA",51.61107708,42.50062215,53.52062827,54.25088352,53.95219412
"Springfield, MO",51.49443015,52.19800224,46.9755364,51.49443015,53.9803601
"Deltona Daytona Beach Ormond Beach, FL",51.37801239,54.87593237,56.79439857,44.57727756,59.77670526
"Binghamton, NY",51.26181677,42.85127909,45.88289497,34.65791318,41.98998688
"Mankato North Mankato, MN",51.14583635,26.35469554,47.60819254,40.95233325,35.8413332
"Rapid City, SD",51.03006426,45.03167505,84.86096398,40.58715789,71.75857111
"Lafayette, LA",50.9144937,50.56892457,61.91346816,36.55511453,57.7628339
"Portland South Portland, ME",50.79911798,58.64613459,38.80710011,57.7905947,53.74631545
"Wichita, KS",50.68393046,55.12922576,59.19127213,54.87593237,64.60719787
"Springfield, OH",50.56892457,55.90155948,35.57152628,51.9624647,47.81900309
"Springfield, IL",50.45409383,43.77678466,28.3668994,59.08636725,38.33918765
"Fayetteville Springdale Rogers, AR MO",50.3394318,50.22493213,64.98230895,35.69957464,58.97972341
"Sioux Falls, SD",50.22493213,51.49443015,85.07695359,56.69478966,80.54684264
"San Luis Obispo Paso Robles Arroyo Grande, CA",50.1105885,39.72115478,39.71093047,57.65097344,43.06021613
"Flagstaff, AZ",49.99639466,58.2144191,66.66138419,37.5164637,65.06803192
"Pocatello, ID",49.88234443,33.88026083,68.08511081,37.10891732,51.95599201
"Santa Rosa, CA",49.76843167,49.88234443,35.65382198,57.37409106,45.74789457
"Bremerton Silverdale, WA",49.65465029,40.3418001,37.16779113,51.26181677,39.17811327
"Bellingham, WA",49.54099423,27.36067572,52.40500404,46.72336234,40.57102218
"Spokane Spokane Valley, WA",49.42745752,53.27237651,57.92520849,60.4654484,63.73512578
"Ogden Clearfield, UT",49.31403419,47.0604954,62.35849499,51.84508709,60.20151335
"Cedar Rapids, IA",49.20071832,53.63645419,55.2662136,55.38452851,60.23166573
"Las Cruces, NM",49.08750406,27.11657501,77.05717768,28.2939195,50.67937875
"Charleston North Charleston, SC",48.97438554,56.82924553,55.03759513,49.65465029,59.7808203
"Eugene, OR",48.86135698,45.37132369,50.14431278,47.17285462,48.9783556
"Billings, MT",48.74841259,45.48435225,54.1951027,47.28521383,51.77427021
"Naples Immokalee Marco Island, FL",48.63554664,53.03141196,31.04146079,30.5778827,34.45052813
"Chattanooga, TN GA",48.52275341,47.62234689,65.61246417,28.51741555,54.22909147
"Crestview Fort Walton Beach Destin, FL",48.4100272,51.61107708,35.07402302,48.07219416,42.22682735
"Tuscaloosa, AL",48.29736235,27.83551876,62.49441471,52.67242117,48.92550398
"Greenville, NC",48.18475321,42.38324454,79.50586363,11.35693146,54.64574735
"Midland, TX",48.07219416,54.75000968,39.32972529,60.62475713,50.98748676
"Kingston, NY",47.9596796,28.73733069,46.96096756,57.51214532,40.2401894
"Winston Salem, NC",47.84720391,53.75855134,85.37133555,36.27341248,73.42935346
"Montgomery, AL",47.73476153,44.4633648,67.85983179,44.91825171,59.03504034
"Toledo, OH",47.62234689,43.54659125,56.91152116,57.23679192,55.16047286
"Kennewick Richland, WA",47.50995443,37.91784051,57.52962757,42.85127909,47.37933032
"Bend Redmond, OR",47.39757859,44.00627743,43.00606485,55.25661993,45.0817331
"Bowling Green, KY",47.28521383,36.83356391,71.18177858,46.16095602,57.07607737
"La Crosse Onalaska, WI MN",47.17285462,21.12984331,49.71237274,40.70925505,31.50243377
"Oshkosh Neenah, WI",47.0604954,47.50995443,53.55542587,45.93568204,50.87538586
"Hattiesburg, MS",46.94813064,18.18094924,83.62381836,28.06667892,48.53693216
"Idaho Falls, ID",46.83575481,36.41468025,63.61618206,45.59729664,51.16314271
"Napa, CA",46.72336234,55.00233386,31.15009031,59.84092249,44.34677792
"Appleton, WI",46.6109477,56.42786872,51.94785231,58.64613459,58.89728183
"Topeka, KS",46.49850532,21.94067444,63.6293105,47.0604954,43.19288574
"Bangor, ME",46.38602964,52.08010057,46.28513169,52.19800224,50.18797133
"Waterloo Cedar Falls, IA",46.27351507,32.56582394,61.98349743,51.37801239,49.44523219
"Cape Girardeau, MO IL",46.16095602,28.06667892,43.52551968,33.23479989,27.97675603
"Cheyenne, WY",46.04834689,43.19987288,70.7846049,46.27351507,59.62529752
"Jefferson City, MO",45.93568204,24.04956284,67.47683712,42.38324454,45.04178845
"South Bend Mishawaka, IN",45.82295583,51.37801239,72.80296379,54.75000968,68.41085314
"Columbus, IN",45.71016259,35.55380945,66.23176962,49.76843167,53.11783432
"El Paso, TX",45.59729664,58.9386355,49.87183472,34.19499478,49.85416991
"Greeley, CO",45.48435225,29.98957484,43.55513772,49.99639466,34.36176361
"Fort Wayne, IN",45.37132369,53.15172477,71.22471587,40.21851997,63.06447419
"Monroe, LA",45.25820518,36.55511453,61.64654567,12.61599916,37.53938154
"St. Cloud, MN",45.14499091,36.27341248,45.65597721,46.83575481,38.06690025
"Eau Claire, WI",45.03167505,32.22158841,52.22932706,49.08750406,40.94568457
"Chico, CA",44.91825171,34.50478675,43.85714391,31.32905878,30.3711714
"Vallejo Fairfield, CA",44.804715,57.65097344,40.66674768,63.76782654,52.39531947
"Asheville, NC",44.69105895,46.83575481,72.29415403,27.60025147,55.41628031
"Harrisonburg, VA",44.57727756,34.65791318,56.26995421,40.83097707,41.96348388
"Beaumont Port Arthur, TX",44.4633648,31.1445756,53.96763418,43.08389246,39.0791136
"Great Falls, MT",44.34931457,38.83274533,59.86875521,33.56029887,44.1618854
"Pensacola Ferry Pass Brent, FL",44.23512074,54.25088352,54.17570802,41.79233037,51.79226656
"Abilene, TX",44.12077711,43.43121553,61.11744413,51.03006426,53.45404473
"Tyler, TX",44.00627743,45.93568204,56.19460925,53.75855134,52.36936122
"Corpus Christi, TX",43.8916154,52.7917686,54.34327892,43.77678466,51.51895681
"Muncie, IN",43.77678466,53.88103311,78.03926486,30.38430031,63.68726899
"Amarillo, TX",43.66177878,47.9596796,59.50220543,43.31564498,51.97838397
"Duluth, MN WI",43.54659125,53.51473217,52.26679596,38.05033693,48.31677666
"Savannah, GA",43.43121553,55.64193881,66.96271737,55.64193881,65.51609193
"Wichita Falls, TX",43.31564498,41.79233037,49.98016857,41.31429728,41.03036892
"Peoria, IL",43.19987288,47.73476153,48.2617014,53.27237651,47.25165274
"Lawton, OK",43.08389246,42.147707,79.45027778,41.55394063,61.31084579
"Cape Coral Fort Myers, FL",42.96769684,59.23512141,35.12195262,39.9707071,40.11237524
"Augusta Richmond County, GA SC",42.85127909,40.83097707,72.23844643,21.12984331,48.48521724
"Dubuque, IA",42.73463215,25.25895059,60.35063976,49.42745752,41.07702568
"St. George, UT",42.61774891,39.34337537,63.64739148,61.95114822,55.56107907
"Warner Robins, GA",42.50062215,50.79911798,69.09028833,50.3394318,61.76152987
"Green Bay, WI",42.38324454,44.23512074,51.17888677,39.0890893,41.84377604
"Davenport Moline Rock Island, IA IL",42.26560866,52.43463358,42.88349658,47.50995443,43.64265105
"Erie, PA",42.147707,45.59729664,51.5295892,55.77146623,48.40336521
"Salinas, CA",42.02953191,48.07219416,41.95259541,59.38492528,44.41896975
"Salem, OR",41.91107565,43.08389246,51.67741462,58.79189979,47.9430398
"Lancaster, PA",41.79233037,44.34931457,47.30142899,53.88103311,43.91103076
"Merced, CA",41.67328806,39.0890893,50.37428012,23.72568952,32.62169561
"Grand Junction, CO",41.55394063,49.54099423,48.449672,49.88234443,46.12473988
"Casper, WY",41.43427983,7.8531973,44.04291936,32.90342932,13.46480287
"Lewiston, ID WA",41.31429728,29.5841074,59.4494115,48.18475321,41.52934227
"Roanoke, VA",41.19398446,51.14583635,56.74795156,45.48435225,50.96446433
"Salisbury, MD",41.07333273,46.16095602,46.09210247,42.02953191,39.57213859
"Racine, WI",40.95233325,17.58098156,54.03784412,35.40707373,26.37080217
"San Angelo, TX",40.83097707,44.12077711,50.44405933,47.39757859,43.05554645
"Medford, OR",40.70925505,40.21851997,51.70890739,48.29736235,41.92105654
"Mount Vernon Anacortes, WA",40.58715789,16.23840003,53.69833529,46.94813064,29.07015798
"Dover, DE",40.46467612,42.26560866,56.57098249,50.79911798,47.10107775
"Reading, PA",40.3418001,46.6109477,41.21236491,56.29537231,40.86924535
"Ocean City, NJ",40.21851997,49.08750406,29.05738336,61.44227991,35.64358797
"Sioux City, IA",40.09482572,34.35049146,58.66179048,44.804715,41.71732823
"Sebastian Vero Beach, FL",39.9707071,54.12718926,55.26800822,54.12718926,53.77025641
"Carson City, NV",39.84615367,42.73463215,62.29747861,53.39337598,51.7488051
"Jackson, TN",39.72115478,20.69803241,75.17620909,33.7209521,41.18513194
"York Hanover, PA",39.59569955,37.38132261,46.77498859,60.78541036,40.43851934
"Jacksonville, NC",39.46977687,35.11058782,88.85095598,24.04956284,55.27211712
"Columbus, GA AL",39.34337537,55.38452851,81.76603447,32.39456101,64.74826777
"Rockford, IL",39.21648347,42.96769684,43.34380097,52.7917686,38.2829386
"Shreveport Bossier City, LA",39.0890893,46.72336234,58.96456833,37.91784051,45.93308927
"Terre Haute, IN",38.96118072,26.61384707,79.92134397,52.08010057,53.5599446
"Niles Benton Harbor, MI",38.83274533,24.96839111,67.30534485,32.22158841,37.1157292
"Winchester, VA",38.70377043,35.69957464,54.14076742,56.0322322,42.28216909
"Prescott, AZ",38.57424301,11.35693146,66.48194445,33.39826179,29.02082813
"Johnson City, TN",38.44414976,44.57727756,76.82880617,39.21648347,56.93028574
"Fayetteville, NC",38.31347704,47.84720391,75.27235046,19.27151249,50.81989637
"Glens Falls, NY",38.18221087,24.36423197,41.96650466,44.34931457,23.14443165
"Sheboygan, WI",38.05033693,38.96118072,44.11905221,55.12922576,36.53152851
"Wausau, WI",37.91784051,48.86135698,50.70162482,65.60837854,50.16827911
"Killeen Temple, TX",37.78470655,45.71016259,59.12428101,48.4100272,48.16060044
"Jonesboro, AR",37.65091958,41.55394063,77.89136543,22.3229025,49.61471176
"Lynchburg, VA",37.5164637,18.74273088,61.40925508,26.35469554,26.62895703
"Elmira, NY",37.38132261,44.91825171,48.01560493,29.5841074,33.39874082
"Clarksville, TN KY",37.24547956,32.04685103,73.52392899,39.72115478,46.88164079
"Spartanburg, SC",37.10891732,19.27151249,72.52772208,36.69473579,37.7912298
"Panama City, FL",36.97161817,38.57424301,49.18555706,38.70377043,33.42158656
"Macon Bibb County, GA",36.83356391,20.24603534,64.68555148,21.94067444,27.74995829
"St. Joseph, MO",36.69473579,30.18822937,72.05380446,52.55337887,48.82827736
"Evansville, IN KY",36.55511453,46.38602964,44.86881645,34.96078396,33.35667437
"Pueblo, CO",36.41468025,37.24547956,57.00969152,37.38132261,37.18210523
"Scranton Wilkes Barre Hazleton, PA",36.27341248,50.1105885,47.20052548,54.49955556,43.56258669
"Utica Rome, NY",36.13129013,28.51741555,46.32777878,47.84720391,28.28752462
"Canton Massillon, OH",35.98829145,43.31564498,57.70106831,51.14583635,45.52954653
"Coeur d'Alene, ID",35.84439401,41.43427983,65.28641619,41.43427983,46.22566238
"Gainesville, GA",35.69957464,40.09482572,60.36071113,46.04834689,43.57234896
"Burlington, NC",35.55380945,31.69184859,85.21227457,37.24547956,52.66945497
"Myrtle Beach Conway North Myrtle Beach, SC NC",35.40707373,53.39337598,72.3954146,23.39191635,51.43449519
"Mobile, AL",35.25934198,49.99639466,79.87909436,34.50478675,58.3155603
"Jackson, MI",35.11058782,46.94813064,57.10140607,44.00627743,44.14802589
"Valdosta, GA",34.96078396,41.07333273,77.3090727,39.59569955,53.00920503
"Flint, MI",34.80990216,49.65465029,58.84937378,29.37707559,41.67787134
"Stockton Lodi, CA",34.65791318,55.77146623,44.766641,60.30744631,46.00543592
"Youngstown Warren Boardman, OH",34.50478675,29.16702144,63.77215172,37.78470655,36.0346714
"Charleston, WV",34.35049146,49.76843167,78.37434271,43.66177878,59.66620354
"Sherman Denison, TX",34.19499478,13.69167984,51.22395423,42.61774891,20.07418773
"Hanford Corcoran, CA",34.03826292,5,53.13589926,20.69803241,8.825662312
"Gulfport Biloxi Pascagoula, MS",33.88026083,44.69105895,78.52576642,29.78823628,51.81047938
"Decatur, AL",33.7209521,36.69473579,79.00750233,51.61107708,54.93605197
"Punta Gorda, FL",33.56029887,49.20071832,50.66071259,41.19398446,39.0051462
"Kokomo, IN",33.39826179,38.05033693,75.07790381,41.07333273,49.19714257
"Longview, TX",33.23479989,21.54348305,65.07389577,24.67032081,27.22719489
"Fond du Lac, WI",33.06987055,43.8916154,50.47000409,46.38602964,37.28900018
"Parkersburg Vienna, WV",32.90342932,34.19499478,73.5908192,41.67328806,45.84965967
"Pine Bluff, AR",32.73542989,41.91107565,89.67873421,35.55380945,59.0421816
"Lake Charles, LA",32.56582394,40.58715789,61.62383929,33.88026083,38.4127711
"Hot Springs, AR",32.39456101,30.76906653,81.22664883,18.74273088,40.93021911
"Bakersfield, CA",32.22158841,48.97438554,53.23653205,45.37132369,41.15064305
"Redding, CA",32.04685103,43.66177878,47.11239991,47.9596796,34.70022837
"Joplin, MO",31.87029121,37.65091958,73.05849278,45.25820518,47.97447783
"Saginaw, MI",31.69184859,39.9707071,68.18505,53.51473217,48.66489441
"Florence Muscle Shoals, AL",31.5114599,22.3229025,49.59391631,5,9.179886218
"Michigan City La Porte, IN",31.32905878,30.95793717,62.82819551,39.84615367,34.94281022
"Brunswick, GA",31.1445756,30.38430031,65.97111077,26.61384707,32.1143857
"Hagerstown Martinsburg, MD WV",30.95793717,27.60025147,72.77287144,45.14499091,41.38846337
"Dothan, AL",30.76906653,59.68779605,78.93963192,37.65091958,61.2012573
"Elkhart Goshen, IN",30.5778827,41.19398446,66.76703148,33.06987055,40.63936206
"Decatur, IL",30.38430031,35.84439401,45.1041474,43.43121553,26.18604875
"Battle Creek, MI",30.18822937,19.77147391,67.53829176,36.83356391,29.97835338
"Kankakee, IL",29.98957484,39.21648347,41.47849718,57.93102899,30.31651131
"Alexandria, LA",29.78823628,36.97161817,58.93078707,17.58098156,27.03737087
"Laredo, TX",29.5841074,49.31403419,61.03448576,34.03826292,40.9981225
"Elizabethtown Fort Knox, KY",29.37707559,22.69145672,75.04243049,16.23840003,29.17732096
"Owensboro, KY",29.16702144,23.39191635,82.45753345,43.19987288,43.72344963
"Florence, SC",28.95381811,39.59569955,73.14374093,32.73542989,42.86443192
"Yakima, WA",28.73733069,26.86771607,59.6066532,48.86135698,31.71879669
"Victoria, TX",28.51741555,46.49850532,90.85112301,58.9386355,67.57012325
"Lakeland Winter Haven, FL",28.2939195,54.62455445,58.07525391,35.98829145,41.78530608
"Wheeling, OH",28.06667892,50.68393046,54.86998724,56.96438662,44.36474802
"Albany, GA",27.83551876,48.18475321,79.37664739,20.24603534,46.98658443
"Yuma, AZ",27.60025147,32.39456101,75.76026702,29.98957484,38.68519987
"Kingsport Bristol Bristol, TN VA",27.36067572,40.95233325,71.20906701,16.93627926,35.82244735
"Cumberland, MD WV",27.11657501,35.98829145,77.24597787,25.25895059,39.8009747
"Lebanon, PA",26.86771607,45.14499091,50.13820724,55.00233386,36.48110033
"Sumter, SC",26.61384707,32.90342932,74.33736651,38.18221087,40.12895237
"Huntington Ashland, WV KY OH",26.35469554,23.72568952,57.621079,30.95793717,20.81867317
"McAllen Edinburg Mission, TX",26.08996603,57.37409106,51.76167257,18.18094924,31.43800948
"Goldsboro, NC",25.8193374,23.04746426,95,26.08996603,43.96471836
"Lima, OH",25.5424597,38.70377043,72.65222619,19.77147391,35.25395062
"Cleveland, TN",25.25895059,56.29537231,72.30421813,30.18822937,48.40973718
"Williamsport, PA",24.96839111,45.82295583,50.66991208,55.5129639,36.10678052
"Monroe, MI",24.67032081,38.18221087,60.76784402,36.13129013,31.82677922
"Rome, GA",24.36423197,37.10891732,70.01108026,35.11058782,36.97814773
"Modesto, CA",24.04956284,57.51214532,21.16874158,28.73733069,12.8086132
"Bay City, MI",23.72568952,31.5114599,54.62948583,26.86771607,20.01333919
"Lewiston Auburn, ME",23.39191635,44.804715,45.40306116,55.90155948,30.97922735
"Muskegon, MI",23.04746426,29.37707559,73.38012449,40.09482572,35.67956177
"Johnstown, PA",22.69145672,41.31429728,53.99196082,58.07229675,35.12714407
"Brownsville Harlingen, TX",22.3229025,57.23679192,48.81120532,7.8531973,23.23411341
"Mansfield, OH",21.94067444,33.7209521,83.32234031,44.23512074,45.61347411
"Yuba City, CA",21.54348305,31.32905878,35.03031239,38.96118072,9.14852263
"El Centro, CA",21.12984331,32.73542989,55.71985695,44.4633648,25.69810515
"Altoona, PA",20.69803241,34.96078396,50.76986239,49.31403419,24.94444548
"Farmington, NM",20.24603534,37.78470655,79.48920409,50.68393046,46.35419619
"Longview, WA",19.77147391,33.56029887,57.09605287,35.25934198,23.03310297
"Visalia Porterville, CA",19.27151249,28.95381811,47.38633049,42.26560866,15.82122433
"Odessa, TX",18.74273088,34.80990216,82.68498489,34.80990216,40.38820042
"Vineland Bridgeton, NJ",18.18094924,39.46977687,30.61548348,54.00390913,13.61295054
"Fort Smith, AR OK",17.58098156,28.2939195,72.53804846,14.63444408,22.04173051
"Houma Thibodaux, LA",16.93627926,48.74841259,66.40200926,48.52275341,40.64973851
"Gadsden, AL",16.23840003,52.55337887,78.50379258,41.91107565,48.35647477
"Dalton, GA",15.47618703,26.08996603,69.90060684,28.95381811,22.43895306
"Ocala, FL",14.63444408,12.61599916,60.17640334,21.54348305,5
"Danville, IL",13.69167984,29.78823628,46.93874446,48.63554664,14.35283024
"Hinesville, GA",12.61599916,9.827103144,74.02561995,13.69167984,8.816680431
"Rocky Mount, NC",11.35693146,24.67032081,91.8954432,25.5424597,32.68841046
"Morristown, TN",9.827103144,41.67328806,72.78438634,31.5114599,30.30349682
"Madera, CA",7.8531973,33.39826179,47.20426581,29.16702144,5.941681867
"Lake Havasu City Kingman, AZ",5,14.63444408,77.75850417,23.04746426,12.09999348
